,user_id_str,bio,pred_ideology,actual_ideology
0,1439177893,WWG1WGA!  Follower of Christ unwilling to live with totalitarianism.  My children's liberty isn't negotiable.,1,1
1,28584787,writer. introvert. bookworm. feminist. scholar. francophile. oenophile. professor. activist. geek. she/her/hers,-1,-1
2,192653700,"|Safe Space|BLM|Anti-Fascism|LGBTQ|

Hugs and Snugs Welcomed

I am an Asshole, but I am not 100% a Dick!",-1,-1
3,176598289,#blm â€¢ hey kids spelling is fun â€¢ RI â€¢ stream the last great american dynasty 4 clear skin â¤ï¸ â€¢ sassmaster supreme â€¢ # 1 fan of woodbridge pinot grigio,-1,-1
4,60717321,"Software engineer, aviation nerd, geek, gamer, husband, dad (x2), progressive humanist. Cis. He/his/him.",-1,-1
5,25639611,"she/her, Badass Spanish teacher, Presenter, Cunning linguist, Traveler. Sr. Wooly Contributor, ğŸ»Fiddler on Vermouth. FMFC Flock, ğŸ¦©âš½ï¸. CurlerğŸ¥Œ. AllyğŸŒˆ. BLMâœŠ.",-1,-1
6,2167092876,"#Socialist  â˜­ cyber bitch  â˜­ #DankMemes â˜­  #Revolutionary!  â˜­ #RadicalProgressive  
â˜®#NoWarButClassWar!â˜®",-1,-1
7,69392175,"Selling commercial real estate in the Greater Houston area. Conservative Libertarian in philosophy. Love music, cooking, history and historic architecture.",1,1
8,16814727,Check out my book! http://amzn.to/1ZYxyvp  I am a very Conservative (NOT Republican) Attorney. A follow/RT does not imply endorsement. #TCOT #JobsNotMobs,1,1
9,3116250695,"Libertarian.Govt doesn't own Us,Oppose Vaccine Mandates. Love this Earth, All Creatures & My Country. Politically Active,#CDCwhistleblower #GMOisPoison",1,1
10,293081735,"Follower Of Christ ~ Direct Decendent of John Paul Jones, Founder of the American Navy ~ NY Conservative Constitutionalist ~ U.S. Air Force Veteran ~ Poet",1,1
11,350739998,"Music is MY LIFE. I love Poetry ğŸ““ & Hip Hop ğŸ¤ | Indian & Guyanese ğŸ‡®ğŸ‡³ğŸ‡¬ğŸ‡¾, Down to earth..Hit Me Up ğŸ˜ƒ

#BlackLivesMatter",-1,-1
12,1312307419,"Christian Conservative #JesusIsLord RATIONAL Lover of ALL People but not their SIN, Promoter of Goodness, Health & Safety",1,1
13,12903462,#Awesome #LGBTQ #political #disability #activist #Progressive #GOP #NightOwl #journalist #blogger #Hartford #CT #Westchester #NYC #OWS #tech #geek #SocMed #LOVE,-1,-1
14,1699215170,KQ publishes four times a year and is the progressive publication of record for the  Korean American and adopted Korean community. Visit: http://t.co/sUQzecfi6R,-1,-1
15,352665889,"Automatic block if you add me to a group. Retired, Political junkie, Packer Fan, Democrat.",-1,-1
16,17761963,"Head of people @buffer; sharing on workplace culture, diversity & inclusion in tech & remote work. #BlackLivesMatter. She/her. Contact: courtney@buffer.com",-1,-1
17,20250988,"#papercrafting #rubberstamper #veryinkyfingers #Jesus  Mom Grandma, Great Grandma, Re-planted in Florida Conservative, Born Again.",1,1
18,3355401615,"Talents include: Writing, movie-watching, and falling in love with fictional stories. Christian. Conservative. In real life I'm probably too nice. #moviereview",1,1
19,37907738,Love my country and I will always defend the constitution and our freedom as an  American! I have no patience nor the time for LIBERAL STUPIDITY,-1,1
20,2401965602,"It's done. ""How I Learned The Facts of Life: Real news vs. fake news in a time of plague, injustice, gobsmacking trumpery...and whatever comes next.""",1,-1
21,1931499180,Beware the barrenness of a busy life. #MAGA Pro-Israel The Bible is the living word of God. Very happily married to a man who treats me like a queen!,1,1
22,270708840,"Conservative,Family,animal lover, PROUDLY F/B 
@TonyShaffer, @ScottBaio,  @JuanitaBroaddrick, @Nickshort, @GenFlynn, @JessieJaneDuff, @RyanFournier, @HarlanHill",1,1
23,182476858,"I'm a progressive. The Dems & Reps are the same, they're the $ party. We need  remove $ out of politics. Congress is completely corrupt. Politicians are bought.",-1,-1
24,16007529,"Political Junkie, Sister Suffragette, Progressive Feminist, Anglophile,Gen X, Ginger Gemini, and lover of the Woo. #Warren2020 #Persist #YesShePlans âœŠğŸŒŠğŸ—³ğŸ’™ğŸ—½",-1,-1
25,227697538,ğŸ‡¬ğŸ‡© always positive. womanist. anime. BLM. traveller.,-1,-1
26,1736787728,#Activist #Blackhistory365 #BlackLivesMatter #BlackTwitter #community #Culture #Blackpower #BlackCommunity #BlackExcellence #BlackPower #Blackwealth,-1,-1
27,942750498,Jesus Christ is my savior proud trump support psalm 46:5 he followed 9/11/16 1:56pm I love my friends and family #teamjesus,1,1
28,19889325,"here for my friends. bayern munich&german nt. stars&caps. queer enby poc. she/them/babes. fuck trump, fight fascism, punch nazis, #BLM, #ACAB, #AbolishICE",-1,-1
29,37217034,Jet Life. Letâ€™s talk sports. Part-time Basshead. Let your ambition carry you.       #BLACKLIVESMATTER,-1,-1
30,26569233,"Pop culture, politics, puppies & Pokemon. I like wine and hiking. | ğŸ“ CSULB | ğŸ’¼ HR | ğŸ° Disneyland AP | #equality ğŸ³ï¸â€ğŸŒˆ #resist ğŸŒŠ #blacklivesmatter",-1,-1
31,7318032,"Disruptive sardonic rabble-rouser, PRO #2A, Lover of Capitalism, Aussies, jerky, Halloween, military hardware & stainless steel kitchen appliances. #MAGA #KAG",1,1
32,3396317572,Editor for translated media. Democratic socialist. Bisexual cis male. He/him. Personal account.,-1,-1
33,420754982,"Psychologist, #neveragain #resistanceğŸŒŠğŸŒŠğŸŒŠğŸŒŠ ğŸš«DM Impeach Trump! ME TOO, RATIFY THE ERA. BAN ASSAULT WEAPONS NOW!ğŸ†˜#TeamPatriot.  ğŸš«dating ğŸš«porn",-1,-1
34,3207646234,it hurts me just to think and i dont do pain ğŸ”¸ i draw animals  ğŸŒ» she/her ğŸ”¸ bisexual  ğŸŒ» 19 ğŸŒ» BLMğŸ”¸ğŸ’–10/2/18ğŸ’– ğŸŒ» art only: @rubino_hereğŸ”¸pfp @goreyouth_,-1,-1
35,119859782,"Husband, father, Denver Broncos fan. #MAGA #KAG",1,1
36,503300363,"Luchando dia a dia contra el mal humor, republicano, de izquiedas y soÃ±ador. Te informo de lo que pasa diariamente. !!Salud y Republica!!......â˜­â˜­â˜­",1,1
37,19356064,"Director of Technology, Superpower: Connecting People, Apple Teacher, Dad, Foodie, Musician, speak Spanish, Italian & Catalan, Anti-Trump, Anti-Racist",-1,-1
38,206803923,Surrender is your best defeat. God is always Great. Live progressively: it's cool to be humble. My mom's enchiladas rule!! #VivaLaResistance,-1,-1
39,605977728,"Laura. Disenchanted Millennial. Opera cognoscente. Sometimes I perform Le Nozze di Figaro in the shower. She/her/hers. Black Lives Matter, abolish the police!",-1,-1
40,20820008,"Formally #BLOCKEDbyTrump. U.S. Marine, YouTuber, host of @IDoubtItPodcast - Voicemail Line - (657) 464-7609",1,-1
41,956698466,"Conservative,God fearing man.loves camping and fishing and a good fire and a cold one..love politics, .. Ditto head .......   And Big Thrump supporter",1,1
42,3219973068,"digital @nyrangers | former @clemsontigers @clemsonfb | washed up @clemsorowing | in a world where you can be anything, be kind | black lives matter",-1,-1
43,19744091,"Donâ€™t worry, Iâ€™m medicated. #planomom #homesbyjenn #sportsarelife #texasreestate #planotxrealtor #proudDemocrat #fiercemother",-1,-1
44,43552637,"Love my family, UMich, Dodgers, Lakers and especially the Raiders! 45 makes me ğŸ¤® IFB #VoteBlue #FuckCancer",-1,-1
45,109615969,"I love you 3000 â€¢ 
#WhatRadicalizedMe love as an Ally ğŸ’œ to LGBT+ ğŸŒˆ and saying Black Lives Matter ğŸ–¤ â€¢
Family @andrewschullğŸ’ ğŸ±Simba â€¢",-1,-1
46,19890104,Feminist. Mom. Lover of books and movies.        I knitğŸ§¶to keep sane but will kill for coffee. #FuckTrump,-1,-1
47,215048241,"U.S. Citizen, hate fake non-partisan political groups. My opinions are mine! #WalkAway #MAGA #OpenOhioNow #AllLivesMatter",1,1
48,241621068,â™ï¸ â€¢ 24 â€¢ He/Him â€¢ #BLM,-1,-1
49,2890451964,i'm dizzy (he/any) #freepalestine,-1,-1
50,631816995,"3'd gen. Union member, retired public servant, current non-union factory employee, Progressive, PLEASE KEEP ME OFF THE FOLLOWBACK LISTS! - #FBR #TheResistance",-1,-1
51,2521785935,BLMâœŠğŸ¾| LIVERPOOL BRUV | CAMPEÃ“NES DEL MUNDO | I USE THE MAYBE GIF TOO MUCH,-1,-1
52,160897883,"Mom & Grandmother, loves Bichons, music, gardening, wildlife, nature, writing and watercolor painting. Reformed Republican.",1,1
53,139847737,âœ© #BlackLivesMatter â™¡ Queer â™¡ she/her âœ© Sagittarius â˜‰ Virgo â˜½ Leo â†‘,-1,-1
54,570057983,Iâ€™m a pissed off Democrat. Get that traitor out of the WH. I block bots! resist resistance theresistance.,-1,-1
55,352439938,Southern Jewish Woman; like this gator - women of all color are rising up. Our skin is thick and we're not going backwards. #Resistance #VoteBlue ğŸŒŠğŸŒŠ,-1,-1
56,61090181,"Graduate - University of Bernie Sanders Class of 2016
ğŸŒ¹Proud Democratic SocialistğŸŒ¹
 #NotMeUs #GoGreen

 LiverpoolFC supporter 

 You'll Never Walk Alone",-1,-1
57,45813935,"organizing/fundraising for queer justice, wealth redistribution, a free Palestine, etc (she/her)",-1,-1
58,3191504874,#BLM / @texastech,-1,-1
59,3396723897,"USN Ret./Car-hauler,Constitutional Conservative, Pro-life, FairTax, Veterans, Police and 1st Responders. XM Patriot listener #WRTW #NYY #FSU #HTTR  NO PC HERE.",1,1
60,38624571,"Jazz Recording Artist, Prohibition Mob #vocal #music #film #TV #swing #blues #jazz #writer #1920s #1930s #history #blacklivesmatter rainforest@robertadonnay.com",-1,-1
61,33824563,therapist. wife. dog sitter. book reviewer. workaholic. feminist. democrat. ass kicker. cookie addict,-1,-1
62,1371246775,â€¢ quinlan & disneyland â€¢ she/her â€¢ â™‘ï¸ jackieb.draws on IG â€¢ #BlackLivesMatter,-1,-1
63,2258022870,"Art and gaming

chai_wolf on Twitch. I don't stream often, but try when I can.

#BlackLivesMatter",-1,-1
64,465584918,"Husband, Daddy, Musician, cat and dog friend, atheist, DUMP TRUMP!!!...I follow backâ¤",-1,-1
65,976707642,PA State Rep for the 186th Legislative District/ Democratic Whip @pahousedems/ Î¦Î’Î£ / /G\ /M.Ed/ -just a guy from South Philly trying to make my momma proud!,-1,-1
66,312428361,ğŸ‡ºğŸ‡¸ ğŸ‡ºğŸ‡¸ WOMEN FOR TRUMP ğŸ‡ºğŸ‡¸ğŸ‡ºğŸ‡¸Conservative Grandma #DrainTheSwamp God Family Country Build the Wall NOW!,1,1
67,739716050,Romans 1:16. Unashamed and Texas Raised. Baylor Grad. Black Girls RockâœŠğŸ¾ #BlackLivesMatter,-1,-1
68,151709980,I really like dogs and magic and I hate guns and bigots. I think that sums it up // 24 // #blacklivesmatter #translivesmatter #guncontrolnow,-1,-1
69,16753424,Chairman of the Libertarian Party of West Virginia; LNC Region 5 Alt; Ron Swanson IRL; Cat Daddy to Princess Sofie the Fuzzybutt RT â‰  endorsement,1,1
70,3208639151,I like video games | they/them | ğŸ³ï¸â€ğŸŒˆ | BLM,-1,-1
71,373822188,"Marco Rubio/Nikki Haley fan, Univ. of Washington alum/Husky football fan & God is good--all the time!  #LatinaNotDemocrat  ;-)",-1,1
72,3161804704,"Then I was inspired, now I'm sad and tired...#nevertrump #deliverusfromevil #enoughisenough #theresistance  #teampatriot #notmypresident #wakemewhenitsover ğŸŒŠ",-1,-1
73,319324512,"Your favorite @953WDAE goons,  @PatDonovanRadio & @AaronJacobson10 are now live Monday - Friday 12-3PM! Lunchtime will never be the same!",1,1
74,436753331,"Flight RRT-NPS, EMT-B ğŸš  #WalkAway #MAGA â€œIf everyone is thinking alike, then somebody isnâ€™t thinking.â€ - Gen. Patton",1,1
75,21573162,RN-Poker Player-Certified Smart Ass-music is my boyfriend #SteelersNation #IhaveHeardofMG #LupusChat *Former & recovering Republican* #TheResistance RTâ‰ endorse,1,1
76,244417596,"Military wife, mom, grandmother fighting for justice, truth, our planet, our food and our humanity. Black Lives Matter #Blockcult45",-1,-1
77,47426394,"Gainfully Retired, Peaceful Grandpa #ReconcilligWorksğŸŒˆ #PeaceCorpsğŸ•Šï¸ #GreenNewDealğŸŒ± #MedicareForAllğŸ¥ #BlackLivesMatter #Bernie2020ğŸ”¥ #OurRevolutionğŸŒ¹ #Indivisible",-1,-1
78,512776013,REGISTER TO VOTE- Link in my bio ğŸ—³ travel oftenğŸ§­ğŸ§³ teacher ğŸ‘©ğŸ½â€ğŸ« Cancer Survivor. Food. Disney. BGSU Alumni. #DCPAlumni #BLM,-1,-1
79,31615782,Sometime fast. Sometimes slow. Always goddamn loud! All tweets by Ken. #blackvoicesheard #blacklivesmatter #togetherstrong #fuckracism,-1,-1
80,749289175,Pseudo-South Dakotan | Proud child of a Congolese immigrant | Working on household finances | Former @HungerCenter Fellow | @UofMaryland | #BLM | (she/her),-1,-1
81,15925432,"Radical Xian Feminist. She/Her, 1w2, extrovert. Host of the Scandalous Gospel Podcast.",-1,-1
82,345594482,"Tennis, college football, F*** Trump. Not necessarily in that order",1,-1
83,239299043,"In search of peace, happiness, and funny memes. Not here for your approval. Yes Iâ€™m a drag queen sometimes. #BlackLivesMatter",-1,-1
84,3255291674,"Was a let's Player, now mostly lurks & sometimes makes popular posts. I'm not a smart person. #BLM

Warning I am weird.",-1,-1
85,3437598831,ğŸ¦‹ 23. mom. | most dope for life. #BLM #LONGLIVEMAC,-1,-1
86,21030681,"your local bitter ravenclaw. i enjoy crÃ¨me fraÃ®che, basti schweinsteiger, and reminding you to vote #BidenHarris2020. some call me rizzo. ğŸ˜˜",-1,-1
87,27772492,"Professional Avoider. 
Politics.Jokes.Music.Animals
#Biden2020",-1,-1
88,15666089,"empathetic ambivert, funny lady, aries af. #VoteBlueNoMatterWho (she/her)",-1,-1
89,92570560,Leftist. Progressive. Intergalactic hero. J'aime consommer rÃ©guliÃ¨rement de l'alcool,-1,-1
90,2175507120,I probably left lip gloss on the bong ğŸ’¨ she/her ğŸ³ï¸â€ğŸŒˆ #BLACKLIVESMATTER,-1,-1
91,226979166,Indiana Progressive Liberals working together for progressive ideas and change in the Hoosier State.,-1,-1
92,82695192,"I never thought I'd hate a person more than George W. Bush. I was right. But, #Trump is a close 2nd! #DragTrumpOutInCuffs",1,-1
93,329437701,âœ¨. â™ï¸. CHS 270. Drexel U Alumna. Licensed Cosmetologist. IG: @tre_louis #cashappinbio @cashapp $trelew #blacklivesmatter,-1,-1
94,92313481,All Southern. All the time. Writer.  Music Maker. Marketeer. Strategist In Charleston. Kindness trumps all. â™¥ï¸ğŸŒ´,1,1
95,39338809,Long Beach Democrat who does the research and thinks for herself.,-1,-1
96,397748897,#JesusIsGOD #Israel #BuildTheWall #NoAmnstyEver #NoListsNorGroups #NotInfringe2A #MAGA #Repeal17A #FairTax #NoChainOrBirthrightCitizenship #NoIslam #NatnlCCW,1,1
97,2882711853,"Liberal, feminist reader/editor who likes TLK, Henry Cavill Karlie K, tea, & sports (Bruins, Packers). (she/her) #BlackLivesMatter",-1,-1
98,372523676,Christian Conservative #MAGA #KAG #2A #donotcomply,1,1
99,522849671,"#MAGA, Jimmie Johnson, Seattle Seahawks, Rickie Fowler, George Strait is King, fishing on the Columbia, soap operas,  #SleepWithMePodcast #2A #GoCougs #GoHawks",1,1
